{"schemaVersion":"1.0","appDefinitionTemplate":{"id":"/providers/Microsoft.PowerApps/apps/","type":"Microsoft.PowerApps/apps","tags":{"primaryDeviceWidth":"640","primaryDeviceHeight":"1136","sienaVersion":"20200915T071306Z-3.20085.19.0","deviceCapabilities":"","supportsPortrait":"true","supportsLandscape":"false","primaryFormFactor":"Phone","publisherVersion":"3.20085.19","minimumRequiredApiVersion":"2.2.0","hasComponent":"false","hasUnlockedComponent":"false","isUnifiedRootApp":"false"},"properties":{"appVersion":"2020-09-15T07:13:06Z","lifeCycleId":"Published","createdByClientVersion":{"major":3,"minor":20085,"build":19,"revision":0,"majorRevision":0,"minorRevision":0},"minClientVersion":{"major":3,"minor":20085,"build":19,"revision":0,"majorRevision":0,"minorRevision":0},"backgroundColor":"rgba(0, 176, 240, 1)","backgroundImageUri":"/5010948953593017011/N6406ed3d-d5c4-43d0-8800-ab205b56643d-logoSmallFile","displayName":"Sooth","description":"","commitMessage":"","appUris":{"documentUri":{"value":"/5010948953593017011/Nce66c55d-fe93-4a55-a743-4ec22e2b9b7b-document.msapp","readonlyValue":"/5010948953593017011/Nce66c55d-fe93-4a55-a743-4ec22e2b9b7b-document.msapp"},"imageUris":[]},"createdTime":"0001-01-01T00:00:00Z","lastModifiedTime":"0001-01-01T00:00:00Z","sharedGroupsCount":0,"sharedUsersCount":0,"icons":{"smallIconUri":"/5010948953593017011/N6cd6772d-8ab8-43e6-a25c-30b7edb3b532-small.png","mediumIconUri":"/5010948953593017011/Nab15ca2d-638e-4699-a62e-e846c9a68b90-medium.png","largeIconUri":"/5010948953593017011/N119e3b82-6870-4c18-8445-3df74a2f18a7-large.png","wideIconUri":"/5010948953593017011/Nc68e9beb-6302-4865-8e53-3034ec771678-wide.png"},"connectionReferences":{},"databaseReferences":{},"almMode":"Environment","performanceOptimizationEnabled":true,"canConsumeAppPass":true},"isAppComponentLibrary":false,"appType":"ClassicCanvasApp","appComponents":[]}}